id,domain,keyword,reference_title
1,هوش مصنوعی,یادگیری عمیق,چگونه یادگیری عمیق را یاد بگیریم؟
2,بازاریابی دیجیتال,سئو,هر آنچه باید درباره سئو بدانید
3,هوش مصنوعی,یادگیری عمیق,چگونه یادگیری عمیق را یاد بگیریم؟
4,هوش مصنوعی,شبکه‌های عصبی,معرفی کامل شبکه‌های عصبی
5,طراحی سایت,وردپرس,بهترین روش‌های استفاده از وردپرس
6,برنامه‌نویسی,پایتون,راهنمای کامل پایتون
7,هوش مصنوعی,هوش مصنوعی,۱۰ نکته مهم درباره هوش مصنوعی
8,طراحی سایت,وردپرس,آموزش جامع وردپرس
9,هوش مصنوعی,شبکه‌های عصبی,شبکه‌های عصبی چیست؟
10,هوش مصنوعی,مدل‌های زبانی بزرگ,معرفی کامل مدل‌های زبانی بزرگ
11,هوش مصنوعی,مدل‌های زبانی بزرگ,مدل‌های زبانی بزرگ چیست؟
12,هوش مصنوعی,مدل‌های زبانی بزرگ,بهترین روش‌های استفاده از مدل‌های زبانی بزرگ
13,هوش مصنوعی,یادگیری ماشین,چگونه یادگیری ماشین را یاد بگیریم؟
14,هوش مصنوعی,یادگیری عمیق,یادگیری عمیق چیست؟
15,برنامه‌نویسی,پایتون,آموزش جامع پایتون
16,هوش مصنوعی,یادگیری ماشین,آموزش جامع یادگیری ماشین
17,هوش مصنوعی,هوش مصنوعی,آموزش جامع هوش مصنوعی
18,هوش مصنوعی,چت جی‌پی‌تی,راهنمای کامل چت جی‌پی‌تی
19,هوش مصنوعی,مدل‌های زبانی بزرگ,بهترین روش‌های استفاده از مدل‌های زبانی بزرگ
20,طراحی سایت,وردپرس,راهنمای کامل وردپرس
21,هوش مصنوعی,مدل‌های زبانی بزرگ,۱۰ نکته مهم درباره مدل‌های زبانی بزرگ
22,هوش مصنوعی,چت جی‌پی‌تی,آموزش جامع چت جی‌پی‌تی
23,طراحی سایت,وردپرس,بهترین روش‌های استفاده از وردپرس
24,هوش مصنوعی,هوش مصنوعی,۱۰ نکته مهم درباره هوش مصنوعی
25,هوش مصنوعی,یادگیری عمیق,آموزش جامع یادگیری عمیق
26,بازاریابی دیجیتال,سئو,سئو چیست؟
27,بازاریابی دیجیتال,سئو,بهترین روش‌های استفاده از سئو
28,بازاریابی دیجیتال,سئو,راهنمای کامل سئو
29,برنامه‌نویسی,پایتون,۱۰ نکته مهم درباره پایتون
30,برنامه‌نویسی,پایتون,معرفی کامل پایتون
31,هوش مصنوعی,چت جی‌پی‌تی,راهنمای کامل چت جی‌پی‌تی
32,هوش مصنوعی,یادگیری عمیق,آموزش جامع یادگیری عمیق
33,هوش مصنوعی,شبکه‌های عصبی,هر آنچه باید درباره شبکه‌های عصبی بدانید
34,هوش مصنوعی,یادگیری عمیق,یادگیری عمیق چیست؟
35,هوش مصنوعی,یادگیری عمیق,یادگیری عمیق چیست؟
36,هوش مصنوعی,یادگیری ماشین,معرفی کامل یادگیری ماشین
37,هوش مصنوعی,چت جی‌پی‌تی,چت جی‌پی‌تی چیست؟
38,هوش مصنوعی,یادگیری عمیق,یادگیری عمیق چیست؟
39,بازاریابی دیجیتال,سئو,سئو چیست؟
40,هوش مصنوعی,ترنسفورمر,ترنسفورمر چیست؟
41,طراحی سایت,وردپرس,وردپرس چیست؟
42,هوش مصنوعی,شبکه‌های عصبی,چگونه شبکه‌های عصبی را یاد بگیریم؟
43,هوش مصنوعی,یادگیری ماشین,چگونه یادگیری ماشین را یاد بگیریم؟
44,برنامه‌نویسی,پایتون,۱۰ نکته مهم درباره پایتون
45,هوش مصنوعی,یادگیری ماشین,۱۰ نکته مهم درباره یادگیری ماشین
46,هوش مصنوعی,یادگیری ماشین,آموزش جامع یادگیری ماشین
47,هوش مصنوعی,هوش مصنوعی,چگونه هوش مصنوعی را یاد بگیریم؟
48,هوش مصنوعی,مدل‌های زبانی بزرگ,معرفی کامل مدل‌های زبانی بزرگ
49,برنامه‌نویسی,پایتون,۱۰ نکته مهم درباره پایتون
50,هوش مصنوعی,یادگیری عمیق,یادگیری عمیق چیست؟
51,برنامه‌نویسی,پایتون,بهترین روش‌های استفاده از پایتون
52,هوش مصنوعی,شبکه‌های عصبی,آموزش جامع شبکه‌های عصبی
53,هوش مصنوعی,هوش مصنوعی,معرفی کامل هوش مصنوعی
54,طراحی سایت,وردپرس,آموزش جامع وردپرس
55,هوش مصنوعی,چت جی‌پی‌تی,چگونه چت جی‌پی‌تی را یاد بگیریم؟
56,هوش مصنوعی,ترنسفورمر,هر آنچه باید درباره ترنسفورمر بدانید
57,برنامه‌نویسی,پایتون,معرفی کامل پایتون
58,بازاریابی دیجیتال,سئو,۱۰ نکته مهم درباره سئو
59,بازاریابی دیجیتال,سئو,راهنمای کامل سئو
60,هوش مصنوعی,یادگیری ماشین,چگونه یادگیری ماشین را یاد بگیریم؟
61,بازاریابی دیجیتال,سئو,معرفی کامل سئو
62,هوش مصنوعی,ترنسفورمر,بهترین روش‌های استفاده از ترنسفورمر
63,هوش مصنوعی,هوش مصنوعی,راهنمای کامل هوش مصنوعی
64,بازاریابی دیجیتال,سئو,چگونه سئو را یاد بگیریم؟
65,هوش مصنوعی,ترنسفورمر,چگونه ترنسفورمر را یاد بگیریم؟
66,طراحی سایت,وردپرس,هر آنچه باید درباره وردپرس بدانید
67,هوش مصنوعی,یادگیری عمیق,هر آنچه باید درباره یادگیری عمیق بدانید
68,بازاریابی دیجیتال,سئو,راهنمای کامل سئو
69,هوش مصنوعی,یادگیری عمیق,بهترین روش‌های استفاده از یادگیری عمیق
70,هوش مصنوعی,هوش مصنوعی,هوش مصنوعی چیست؟
71,برنامه‌نویسی,پایتون,چگونه پایتون را یاد بگیریم؟
72,هوش مصنوعی,شبکه‌های عصبی,آموزش جامع شبکه‌های عصبی
73,هوش مصنوعی,هوش مصنوعی,۱۰ نکته مهم درباره هوش مصنوعی
74,هوش مصنوعی,چت جی‌پی‌تی,آموزش جامع چت جی‌پی‌تی
75,هوش مصنوعی,مدل‌های زبانی بزرگ,هر آنچه باید درباره مدل‌های زبانی بزرگ بدانید
76,هوش مصنوعی,مدل‌های زبانی بزرگ,هر آنچه باید درباره مدل‌های زبانی بزرگ بدانید
77,هوش مصنوعی,یادگیری ماشین,۱۰ نکته مهم درباره یادگیری ماشین
78,هوش مصنوعی,شبکه‌های عصبی,آموزش جامع شبکه‌های عصبی
79,هوش مصنوعی,یادگیری ماشین,آموزش جامع یادگیری ماشین
80,هوش مصنوعی,شبکه‌های عصبی,راهنمای کامل شبکه‌های عصبی
81,هوش مصنوعی,یادگیری عمیق,معرفی کامل یادگیری عمیق
82,بازاریابی دیجیتال,سئو,راهنمای کامل سئو
83,بازاریابی دیجیتال,سئو,هر آنچه باید درباره سئو بدانید
84,هوش مصنوعی,یادگیری عمیق,راهنمای کامل یادگیری عمیق
85,برنامه‌نویسی,پایتون,معرفی کامل پایتون
86,هوش مصنوعی,شبکه‌های عصبی,شبکه‌های عصبی چیست؟
87,هوش مصنوعی,مدل‌های زبانی بزرگ,مدل‌های زبانی بزرگ چیست؟
88,هوش مصنوعی,مدل‌های زبانی بزرگ,۱۰ نکته مهم درباره مدل‌های زبانی بزرگ
89,هوش مصنوعی,چت جی‌پی‌تی,آموزش جامع چت جی‌پی‌تی
90,هوش مصنوعی,هوش مصنوعی,هوش مصنوعی چیست؟
91,هوش مصنوعی,مدل‌های زبانی بزرگ,هر آنچه باید درباره مدل‌های زبانی بزرگ بدانید
92,هوش مصنوعی,مدل‌های زبانی بزرگ,مدل‌های زبانی بزرگ چیست؟
93,هوش مصنوعی,مدل‌های زبانی بزرگ,۱۰ نکته مهم درباره مدل‌های زبانی بزرگ
94,هوش مصنوعی,شبکه‌های عصبی,معرفی کامل شبکه‌های عصبی
95,هوش مصنوعی,هوش مصنوعی,چگونه هوش مصنوعی را یاد بگیریم؟
96,برنامه‌نویسی,پایتون,آموزش جامع پایتون
97,برنامه‌نویسی,پایتون,بهترین روش‌های استفاده از پایتون
98,هوش مصنوعی,یادگیری ماشین,هر آنچه باید درباره یادگیری ماشین بدانید
99,هوش مصنوعی,هوش مصنوعی,۱۰ نکته مهم درباره هوش مصنوعی
100,هوش مصنوعی,چت جی‌پی‌تی,راهنمای کامل چت جی‌پی‌تی
